id,nombre_dependencia,codigo,telefonos,superintendencia
1,JEFATURA,1,,1
2,DIRECCIÓN GENERAL GABINETE DE JEFATURA,18,,1
3,DIVISIÓN LOGÍSTICA - J,44,,1
4,DEPARTAMENTO COORDINACIÓN JEFATURA,1032,,1
5,DIVISIÓN ANÁLISIS DE LA INFORMACIÓN - J,1479,,1
6,SECCIÓN APOYO TÉCNICO - J,1480,,1
7,DIVISIÓN GESTIÓN ADMINISTRATIVA - J,48,,1
8,SECCIÓN RELACIONES PÚBLICAS - J,1481,,1
9,DIVISIÓN GESTIÓN OPERATIVA Y SEGURIDAD - J,1033,,1
10,SECRETARÍA DE CONTROL LEGAL Y TÉCNICO,11,,1
11,SUBJEFATURA,10,,10
12,SALA DE COMISARIOS GENERALES “Comisario General Nicolás José Rodríguez”,13,,10
13,SALA DE COMISARIOS MAYORES Y COMISARIOS INSPECTORES “Comisario Mayor Ángel María Tomé”,14,,10
14,DIVISIÓN CLERO POLICIAL,860,,10
15,DIRECCIÓN GENERAL AYUDANTÍA DE SUBJEFATURA,12,,10
16,DIVISIÓN GESTIÓN ADMINISTRATIVA - SJ,78,,10
17,DEPARTAMENTO COORDINACIÓN SUBJEFATURA,1641,,10
18,DIVISIÓN ANÁLISIS DE MEDIOS PÚBLICOS DE COMUNICACIÓN,71,,10
19,DIVISIÓN APOYO Y LOGÍSTICA GENERAL - SJ,77,,10
20,DIVISIÓN DESARROLLO Y SISTEMAS,116,,10
21,DIVISIÓN OPERATIVA Y SEGURIDAD - SJ,76,,10
22,SUPERINTENDENCIA DE ADMINISTRACIÓN,650,,650
23,UNIDAD DE ANÁLISIS Y CONTROL ADMINISTRATIVO,1635,,650
24,DIVISIÓN GESTIÓN ADMINISTRATIVA - SA,653,,650
25,DIVISIÓN ASESORÍA LEGAL - SA,677,,650
26,DIVISIÓN TESORERÍA CENTRAL,655,,650
27,DIRECCIÓN GENERAL DE FINANZAS,660,,650
28,DEPARTAMENTO CONTADURÍA,661,,650
29,SECCIÓN REGISTRO DE BIENES DE CONSUMO E INMUEBLES,1637,,650
30,DIVISIÓN REGISTRACIONES,664,,650
31,DIVISIÓN PATRIMONIO,666,,650
32,DEPARTAMENTO GESTIÓN CONTRACTUAL,1366,,650
33,SECCIÓN IMPORTACIONES,672,,650
34,DIVISIÓN POLICÍA ADICIONAL,279,,650
35,DIVISIÓN COMPRAS Y CONTRATACIONES,671,,650
36,DIVISIÓN COORDINACIÓN CON LA ASEGURADORA DE RIESGOS DEL TRABAJO (ART),1367,,650
37,DEPARTAMENTO PRESUPUESTO,1636,,650
38,DIVISIÓN EROGACIONES,663,,650
39,DIVISIÓN GESTIÓN PRESUPUESTARIA,665,,650
40,DIVISIÓN REMUNERACIONES,662,,650
41,DIRECCIÓN GENERAL DE LOGÍSTICA,654,,650
42,DEPARTAMENTO ABASTECIMIENTO,1430,,650
43,DIVISIÓN ALMACENES,526,,650
44,DIVISIÓN ARMAMENTO Y MUNICIÓN,156,,650
45,DIVISIÓN COORDINACIÓN ESTRATÉGICA DE INTERVENCIONES POLICIALES,52,,650
46,DIVISIÓN IMPRENTA,514,,650
47,DEPARTAMENTO INGENIERÍA,525,,650
48,DIVISIÓN ARQUITECTURA Y CONTRALOR TÉCNICO BANCARIO,1607,,650
49,DIVISIÓN AUTOMOTORES,513,,650
50,SECCIÓN COMBUSTIBLE,1609,,650
51,DIVISIÓN RECUPERACIÓN PATRIMONIAL,517,,650
52,DIVISIÓN TALLERES,1608,,650
53,SUPERINTENDENCIA DE AGENCIAS FEDERALES,900,,900
54,DIVISIÓN GESTIÓN ADMINISTRATIVA - SAF,905,,900
55,SECCIÓN AUTOMOTORES,1619,,900
56,DIRECCIÓN GENERAL DE AGENCIAS REGIONALES FEDERALES,1341,,900
57,DIVISIÓN DESPACHO GENERAL - DGARF,1500,,900
58,SECCIÓN SEGURIDAD - DGARF,1501,,900
59,DIRECCIÓN GENERAL AGENCIA REGIONAL FEDERAL BUENOS AIRES NORTE,1504,,900
60,DIVISIÓN DESPACHO Y LOGÍSTICA - ARFBAN,1505,,900
61,DEPARTAMENTO INVESTIGACIONES FEDERALES - CAMPANA,1618,,900
62,DIVISIÓN UNIDAD OPERATIVA FEDERAL CAMPANA,1184,,900
63,DIVISIÓN UNIDAD OPERATIVA FEDERAL PERGAMINO,497,,900
64,DIVISIÓN UNIDAD OPERATIVA FEDERAL SAN NICOLÁS,947,,900
65,OFICINA DE DELITOS FEDERALES Y COMPLEJOS “PERGAMINO”,881,,900
66,DEPARTAMENTO INVESTIGACIONES FEDERALES - LA PLATA,138,,900
67,DIVISIÓN UNIDAD OPERATIVA FEDERAL AVELLANEDA,943,,900
68,DIVISIÓN UNIDAD OPERATIVA FEDERAL LA PLATA,945,,900
69,OFICINA DE DELITOS FEDERALES Y COMPLEJOS “SAMBOROMBÓN”,509,,900
70,DIVISIÓN UNIDAD OPERATIVA FEDERAL EZEIZA,991,,900
71,OFICINA DE DELITOS FEDERALES Y COMPLEJOS “CAÑUELAS”,990,,900
72,OFICINA DE DELITOS FEDERALES Y COMPLEJOS “TRISTÁN SUÁREZ”,997,,900
73,DEPARTAMENTO INVESTIGACIONES FEDERALES - MORÓN,1279,,900
74,DIVISIÓN UNIDAD OPERATIVA FEDERAL JUNÍN,374,,900
75,DIVISIÓN UNIDAD OPERATIVA FEDERAL MERCEDES,939,,900
76,DIVISIÓN UNIDAD OPERATIVA FEDERAL MORÓN,944,,900
77,OFICINA DE DELITOS FEDERALES Y COMPLEJOS “VILLA CELINA”,888,,900
78,OFICINA DE DELITOS FEDERALES Y COMPLEJOS “M. FIERRO TRONCAL”,889,,900
79,DEPARTAMENTO INVESTIGACIONES FEDERALES - SAN MARTÍN,1280,,900
80,DIVISIÓN UNIDAD OPERATIVA FEDERAL SAN ISIDRO,899,,900
81,DIVISIÓN UNIDAD OPERATIVA FEDERAL SAN MARTÍN,942,,900
82,DIVISIÓN UNIDAD OPERATIVA FEDERAL TRES DE FEBRERO,589,,900
83,DIRECCIÓN GENERAL AGENCIA REGIONAL FEDERAL CENTRO - CÓRDOBA,1344,,900
84,DIVISIÓN ALCAIDÍA - ARFCC,1532,,900
85,DIVISIÓN DESPACHO Y LOGÍSTICA CENTRO CÓRDOBA - ARFCC,1531,,900
86,DEPARTAMENTO INVESTIGACIONES FEDERALES - CÓRDOBA,1529,,900
87,DIVISIÓN UNIDAD OPERATIVA DE INVESTIGACIONES ESPECIALES CÓRDOBA,1530,,900
88,DIVISIÓN UNIDAD OPERATIVA FEDERAL CÓRDOBA,969,,900
89,OFICINA DELITOS FEDERALES Y COMPLEJOS “TOLEDO”,867,,900
90,OFICINA DELITOS FEDERALES Y COMPLEJOS “CARLOS PAZ”,866,,900
91,DESTACAMENTO DE SEGURIDAD Y CUSTODIA DE TRIBUNALES FEDERALES “JUZGADO FEDERAL DE CÓRDOBA”,993,,900
92,DIVISIÓN UNIDAD OPERATIVA FEDERAL LA RIOJA,964,,900
93,DIVISIÓN UNIDAD OPERATIVA FEDERAL SANTIAGO DEL ESTERO,970,,900
94,DEPARTAMENTO INVESTIGACIONES FEDERALES - RÍO CUARTO,1339,,900
95,DIVISIÓN UNIDAD OPERATIVA FEDERAL BELL VILLE,987,,900
96,DIVISIÓN UNIDAD OPERATIVA FEDERAL GENERAL DEHEZA,1592,,900
97,DIVISIÓN UNIDAD OPERATIVA FEDERAL RÍO CUARTO,968,,900
98,OFICINA DE DELITOS FEDERALES Y COMPLEJOS “SAMPACHO”,864,,900
99,DIVISIÓN UNIDAD OPERATIVA FEDERAL SAN FRANCISCO,1375,,900
100,DIVISIÓN UNIDAD OPERATIVA FEDERAL VILLA MARÍA,937,,900
101,DIRECCIÓN GENERAL AGENCIA REGIONAL FEDERAL CUYO,588,,900
102,DIVISIÓN ALCAIDÍA - ARFCUYO,1372,,900
103,DIVISIÓN DESPACHO Y LOGÍSTICA - ARFCUYO,691,,900
104,DEPARTAMENTO INVESTIGACIONES FEDERALES - MENDOZA,147,,900
105,DIVISIÓN UNIDAD OPERATIVA FEDERAL MENDOZA,966,,900
106,DIVISIÓN UNIDAD OPERATIVA FEDERAL SAN LUIS,967,,900
107,DIVISIÓN UNIDAD OPERATIVA FEDERAL SAN RAFAEL,986,,900
108,DIVISIÓN UNIDAD OPERATIVA FEDERAL VILLA MERCEDES,938,,900
109,OFICINA DE DELITOS FEDERALES Y COMPLEJOS “LA CUMBRE”,505,,900
110,DEPARTAMENTO INVESTIGACIONES FEDERALES - SAN JUAN,1130,,900
111,DIVISIÓN APOYO OPERATIVO TÁCTICO - CUYO,1129,,900
112,DIVISIÓN COMUNICACIONES - CUYO,696,,900
113,DIVISIÓN UNIDAD OPERATIVA DE INVESTIGACIONES ESPECIALES SAN JUAN,1350,,900
114,DIVISIÓN UNIDAD OPERATIVA FEDERAL SAN JUAN,965,,900
115,DIRECCIÓN GENERAL AGENCIA REGIONAL FEDERAL LITORAL - SANTA FE,1506,,900
116,DIVISIÓN ALCAIDÍA - ARFLSF,1511,,900
117,DIVISIÓN DESPACHO Y LOGÍSTICA - ARFLSF,1510,,900
118,DEPARTAMENTO INVESTIGACIONES FEDERALES - PARANÁ,1508,,900
119,DIVISIÓN UNIDAD OPERATIVA FEDERAL CONCEPCIÓN DEL URUGUAY,984,,900
120,OFICINA DELITOS FEDERALES Y COMPLEJOS “COLONIA ELIA”,848,,900
121,OFICINA DELITOS FEDERALES Y COMPLEJOS “PUERTO YERUA”,857,,900
122,DIVISIÓN UNIDAD OPERATIVA FEDERAL CONCORDIA,1308,,900
123,DIVISIÓN UNIDAD OPERATIVA FEDERAL GUALEGUAYCHÚ,1507,,900
124,DIVISIÓN UNIDAD OPERATIVA FEDERAL PARANÁ,953,,900
125,DEPARTAMENTO INVESTIGACIONES FEDERALES - ROSARIO,122,,900
126,DIVISIÓN APOYO OPERATIVO TÁCTICO - ROSARIO,1658,,900
127,DIVISIÓN UNIDAD OPERATIVA DE INVESTIGACIONES ESPECIALES ROSARIO,1509,,900
128,DIVISIÓN UNIDAD OPERATIVA FEDERAL ROSARIO,951,,900
129,OFICINA DE DELITOS FEDERALES Y COMPLEJOS “ESTHER / G.LAGOS”,495,,900
130,OFICINA DE DELITOS FEDERALES Y COMPLEJOS “CORREA”,501,,900
131,OFICINA DE DELITOS FEDERALES Y COMPLEJOS “TIMBÚES”,515,,900
132,OFICINA DE DELITOS FEDERALES Y COMPLEJOS “HERNANDARIAS”,520,,900
133,DIVISIÓN UNIDAD OPERATIVA FEDERAL SANTA FE,952,,900
134,DIVISIÓN UNIDAD OPERATIVA FEDERAL VENADO TUERTO,995,,900
135,DIRECCIÓN GENERAL AGENCIA REGIONAL FEDERAL MAR DEL PLATA - BUENOS AIRES SUR,1234,,900
136,DIVISIÓN ALCAIDÍA - BASMDP,1373,,900
137,DEPARTAMENTO INVESTIGACIONES FEDERALES - DOLORES,139,,900
138,DIVISIÓN UNIDAD OPERATIVA FEDERAL 25 DE MAYO,996,,900
139,DIVISIÓN UNIDAD OPERATIVA FEDERAL AZUL,948,,900
140,DIVISIÓN UNIDAD OPERATIVA FEDERAL CHASCOMÚS,496,,900
141,DIVISIÓN UNIDAD OPERATIVA FEDERAL DOLORES,954,,900
142,DIVISIÓN UNIDAD OPERATIVA FEDERAL OLAVARRÍA,923,,900
143,DIVISIÓN UNIDAD OPERATIVA FEDERAL TANDIL,924,,900
144,DEPARTAMENTO INVESTIGACIONES FEDERALES - MAR DEL PLATA,1247,,900
145,DIVISIÓN APOYO OPERATIVO TÁCTICO - MDP,1257,,900
146,DIVISIÓN COMUNICACIONES - MDP,1264,,900
147,DIVISIÓN UNIDAD OPERATIVA DE INVESTIGACIONES ESPECIALES MAR DEL PLATA,1351,,900
148,DIVISIÓN UNIDAD OPERATIVA FEDERAL BAHÍA BLANCA,973,,900
149,DIVISIÓN UNIDAD OPERATIVA FEDERAL MAR DEL PLATA,946,,900
150,DIVISIÓN UNIDAD OPERATIVA FEDERAL NECOCHEA,950,,900
151,DIVISIÓN UNIDAD OPERATIVA FEDERAL PINAMAR,772,,900
152,DIRECCIÓN GENERAL AGENCIA REGIONAL FEDERAL NEA - CORRIENTES,1017,,900
153,DIVISIÓN ALCAIDÍA - ARFNC,1528,,900
154,DIVISIÓN DESPACHO Y LOGÍSTICA - ARFNC,1527,,900
155,DEPARTAMENTO INVESTIGACIONES FEDERALES - CORRIENTES,1425,,900
156,DIVISIÓN UNIDAD OPERATIVA DE INVESTIGACIONES ESPECIALES CORRIENTES,1526,,900
157,DIVISIÓN UNIDAD OPERATIVA FEDERAL CORRIENTES,955,,900
158,DIVISIÓN UNIDAD OPERATIVA FEDERAL FORMOSA,957,,900
159,DIVISIÓN UNIDAD OPERATIVA FEDERAL GOYA,959,,900
160,DIVISIÓN UNIDAD OPERATIVA FEDERAL PRESIDENCIA ROQUE SÁENZ PEÑA,922,,900
161,DIVISIÓN UNIDAD OPERATIVA FEDERAL RESISTENCIA,956,,900
162,DEPARTAMENTO INVESTIGACIONES FEDERALES - POSADAS,1525,,900
163,DIVISIÓN UNIDAD OPERATIVA FEDERAL ELDORADO,1353,,900
164,DIVISIÓN UNIDAD OPERATIVA FEDERAL PASO DE LOS LIBRES,981,,900
165,DIVISIÓN UNIDAD OPERATIVA FEDERAL POSADAS,958,,900
166,OFICINA DE DELITOS FEDERALES Y COMPLEJOS “SANTA ANA”,853,,900
167,OFICINA DE DELITOS FEDERALES Y COMPLEJOS “FACHINAL”,852,,900
168,DIVISIÓN UNIDAD OPERATIVA FEDERAL PUERTO IGUAZÚ,903,,900
169,DIRECCIÓN GENERAL AGENCIA REGIONAL FEDERAL NOA - TUCUMÁN,701,,900
170,DIVISIÓN ALCAIDÍA - ARFNT,1371,,900
171,DIVISIÓN DESPACHO Y LOGÍSTICA - ARFNT,1160,,900
172,DEPARTAMENTO INVESTIGACIONES FEDERALES - SALTA,1166,,900
173,DIVISIÓN UNIDAD OPERATIVA FEDERAL JUJUY,961,,900
174,DIVISIÓN UNIDAD OPERATIVA FEDERAL LA QUIACA,448,,900
175,DIVISIÓN UNIDAD OPERATIVA FEDERAL SALTA,962,,900
176,DIVISIÓN UNIDAD OPERATIVA FEDERAL SALVADOR MAZZA,449,,900
177,DIVISIÓN UNIDAD OPERATIVA FEDERAL SAN RAMÓN DE LA NUEVA ORÁN,1185,,900
178,DEPARTAMENTO INVESTIGACIONES FEDERALES - TUCUMÁN,146,,900
179,DIVISIÓN APOYO OPERATIVO TÁCTICO - TUCUMÁN,1175,,900
180,DIVISIÓN UNIDAD OPERATIVA DE INVESTIGACIONES ESPECIALES TUCUMÁN - SUR,1352,,900
181,DIVISIÓN UNIDAD OPERATIVA FEDERAL CATAMARCA,963,,900
182,DIVISIÓN UNIDAD OPERATIVA FEDERAL CONCEPCIÓN DE TUCUMÁN,499,,900
183,DIVISIÓN UNIDAD OPERATIVA FEDERAL TUCUMÁN,1524,,900
184,DIRECCIÓN GENERAL AGENCIA REGIONAL FEDERAL PATAGONIA NORTE - NEUQUÉN,1345,,900
185,DIVISIÓN ALCAIDÍA - ARFPNN,1516,,900
186,DIVISIÓN DESPACHO Y LOGÍSTICA - ARFPNN,1515,,900
187,DEPARTAMENTO INVESTIGACIONES FEDERALES - NEUQUÉN,1513,,900
188,DIVISIÓN UNIDAD OPERATIVA DE INVESTIGACIONES ESPECIALES NEUQUÉN,1514,,900
189,DIVISIÓN UNIDAD OPERATIVA FEDERAL BARILOCHE,976,,900
190,DIVISIÓN UNIDAD OPERATIVA FEDERAL NEUQUÉN,979,,900
191,DIVISIÓN UNIDAD OPERATIVA FEDERAL SAN MARTÍN DE LOS ANDES,936,,900
192,DIVISIÓN UNIDAD OPERATIVA FEDERAL ZAPALA,992,,900
193,DEPARTAMENTO INVESTIGACIONES FEDERALES - SANTA ROSA,140,,900
194,DIVISIÓN UNIDAD OPERATIVA FEDERAL GENERAL PICO,1512,,900
195,DIVISIÓN UNIDAD OPERATIVA FEDERAL GENERAL ROCA,988,,900
196,DIVISIÓN UNIDAD OPERATIVA FEDERAL SANTA ROSA,980,,900
197,DIVISIÓN UNIDAD OPERATIVA FEDERAL VIEDMA,974,,900
198,DIRECCIÓN GENERAL AGENCIA REGIONAL FEDERAL PATAGONIA SUR - COMODORO RIVADAVIA,1517,,900
199,DIVISIÓN ALCAIDÍA - ARFPS,1523,,900
200,DIVISIÓN DESPACHO Y LOGÍSTICA - ARFPS,1522,,900
201,DEPARTAMENTO INVESTIGACIONES FEDERALES COMODORO RIVADAVIA,149,,900
202,DIVISIÓN UNIDAD OPERATIVA DE INVESTIGACIONES ESPECIALES COMODORO RIVADAVIA,1519,,900
203,DIVISIÓN UNIDAD OPERATIVA FEDERAL COMODORO RIVADAVIA,977,,900
204,DIVISIÓN UNIDAD OPERATIVA FEDERAL ESQUEL,989,,900
205,DIVISIÓN UNIDAD OPERATIVA FEDERAL PUERTO MADRYN,1520,,900
206,DIVISIÓN UNIDAD OPERATIVA FEDERAL RAWSON,975,,900
207,DIVISIÓN UNIDAD OPERATIVA FEDERAL TREVELIN,446,,900
208,DEPARTAMENTO INVESTIGACIONES FEDERALES RÍO GALLEGOS,1521,,900
209,DIVISIÓN UNIDAD OPERATIVA FEDERAL CALETA OLIVIA,1374,,900
210,DIVISIÓN UNIDAD OPERATIVA FEDERAL RÍO GALLEGOS,978,,900
211,DIVISIÓN UNIDAD OPERATIVA FEDERAL RÍO GRANDE,891,,900
212,DIVISIÓN UNIDAD OPERATIVA FEDERAL USHUAIA,960,,900
213,DIRECCIÓN GENERAL DE ARTICULACIÓN OPERACIONAL E INVESTIGACIONES,1647,,900
214,DEPARTAMENTO COORDINACIÓN EN INVESTIGACIONES Y ANÁLISIS,1292,,900
215,DIVISIÓN ENLACE CON LA DAJUDECO,1518,,900
216,DIVISIÓN ANÁLISIS TÉCNICO Y CLASIFICACIÓN DE LA INVESTIGACIÓN,1503,,900
217,DEPARTAMENTO COORDINACIÓN OPERACIONAL,1337,,900
218,DIVISIÓN CONVENIO POLICIAL ARGENTINO,1053,,900
219,DIVISIÓN COORDINACIÓN OPERATIVA CON EL CENTRO DE OPERACIONES AEROESPACIALES MERLO (COAe-M),1149,,900
220,DIVISIÓN JUDICIALES,57,,900
221,SUPERINTENDENCIA DE BIENESTAR,600,,600
222,"UNIDAD DE AUDITORÍA GENERAL, PROCESOS Y CONTROL DE GESTIÓN",1472,,600
223,DIVISIÓN GESTIÓN ADMINISTRATIVA - SDB,603,,600
224,SECCIÓN INFORMÁTICA,404,,600
225,DIVISIÓN ASESORÍA LEGAL - SDB,609,,600
226,DIRECCIÓN GENERAL DE OBRA SOCIAL,610,,600
227,SECCIÓN AFILIACIONES,611,,600
228,DIVISIÓN JUNTA DE EVALUACIÓN DE BENEFICIOS,1377,,600
229,DEPARTAMENTO ASISTENCIA Y BENEFICIOS,612,,600
230,ALDEA POLICIAL “GRAL. DON JOSÉ DE SAN MARTÍN”,628,,600
231,SECCIÓN ASISTENCIA SOCIAL,1469,,600
232,SECCIÓN COORDINACIÓN DE INSTITUTOS,1047,,600
233,SECCIÓN TURISMO,621,,600
234,DIVISIÓN ABORDAJE INTEGRAL A LAS PERSONAS CON DISCAPACIDAD,1470,,600
235,DIVISIÓN AYUDA MUTUA,620,,600
236,SECCIÓN VIVIENDA,619,,600
237,DIVISIÓN FARMACIA,615,,600
238,DIVISIÓN SERVICIOS JURÍDICOS A LOS AFILIADOS,614,,600
239,DEPARTAMENTO ATENCIÓN EXTRAHOSPITALARIA,645,,600
240,DIVISIÓN REINTEGRO DE GASTOS MÉDICOS,642,,600
241,DIVISIÓN SERVICIOS DESCENTRALIZADOS INTERIOR I,658,,600
242,DIVISIÓN SERVICIOS DESCENTRALIZADOS INTERIOR II,1633,,600
243,DIVISIÓN SERVICIOS DESCENTRALIZADOS CABA Y GBA,668,,600
244,DIRECCIÓN GENERAL DE SANIDAD POLICIAL,630,,600
245,COMPLEJO MÉDICO “CHURRUCA-VISCA”,631,,600
246,DIVISIÓN GUARDIA POLICIAL,633,,600
247,DIVISIÓN SERVICIOS MÉDICOS GENERALES,1048,,600
248,CENTRO MÉDICO ASISTENCIAL “DEPARTAMENTO CENTRAL PFA”,646,,600
249,CENTRO ASISTENCIAL “SAN ANTONIO DE PADUA”,647,,600
250,SECCIÓN ORIENTACIÓN Y APOYO AL PERSONAL POLICIAL Y SU FAMILIA,1290,,600
251,DEPARTAMENTO APOYO LOGÍSTICO,601,,600
252,SECCIÓN ADMINISTRACIÓN - SDB,640,,600
253,SECCIÓN TRASLADOS SANITARIOS - SDB,641,,600
254,DIVISIÓN GESTIÓN Y RECURSOS HUMANOS HOSPITALARIOS,643,,600
255,DIVISIÓN SERVICIOS HOSPITALARIOS,673,,600
256,DIVISIÓN SERVICIOS GENERALES - SDB,608,,600
257,DIVISIÓN MATERIALES Y SERVICIOS,625,,600
258,DIVISIÓN INGENIERÍA CLÍNICA E INFRAESTRUCTURA,386,,600
259,DIVISIÓN UNIDAD DE DOCENCIA E INVESTIGACIÓN - SDB,638,,600
260,UNIDAD DE GESTIÓN HOSPITALARIA,683,,600
261,SUBDIRECCIÓN MÉDICA,602,,600
262,DEPARTAMENTO MEDICINA,676,,600
263,DEPARTAMENTO EMERGENCIAS,674,,600
264,DEPARTAMENTO DIAGNÓSTICO Y TRATAMIENTO,639,,600
265,DEPARTAMENTO DE ENFERMERÍA,635,,600
266,DEPARTAMENTO ODONTOLOGÍA,607,,600
267,DEPARTAMENTO QUIRÚRGICO,644,,600
268,DEPARTAMENTO MATERNO INFANTIL,681,,600
269,DIRECCIÓN GENERAL DE ADMINISTRACIÓN FINANCIERA,1316,,600
270,DIVISIÓN CONTADURÍA,623,,600
271,DIVISIÓN PRESUPUESTO,627,,600
272,DIVISIÓN TESORERÍA,624,,600
273,DEPARTAMENTO COMPRAS Y SUMINISTROS,629,,600
274,SUPERINTENDENCIA DE DROGAS PELIGROSAS,300,,300
275,UNIDAD ANÁLISIS DEL TRÁFICO ILÍCITO,1674,,300
276,DIVISIÓN GESTIÓN ADMINISTRATIVA - SDP,337,,300
277,DIRECCIÓN GENERAL ANTIDROGAS INTERIOR,1090,,300
278,DEPARTAMENTO OPERACIONES ANTIDROGAS ESTE,1092,,300
279,DIVISIÓN ANTIDROGAS CONCORDIA,1107,,300
280,DIVISIÓN ANTIDROGAS ELDORADO,1108,,300
281,DIVISIÓN ANTIDROGAS MAR DEL PLATA,791,,300
282,DEPARTAMENTO OPERACIONES ANTIDROGAS OESTE,1091,,300
283,DIVISIÓN ANTIDROGAS CÓRDOBA,785,,300
284,DIVISIÓN ANTIDROGAS RÍO HONDO,1099,,300
285,DIVISIÓN ANTIDROGAS SAN FRANCISCO,1392,,300
286,DIVISIÓN ANTIDROGAS SAN PEDRO (JUJUY),1098,,300
287,DIVISIÓN ANTIDROGAS SAN RAMÓN DE LA NUEVA ORÁN,1101,,300
288,DIVISIÓN ANTIDROGAS TUCUMÁN,793,,300
289,DEPARTAMENTO OPERACIONES ANTIDROGAS SUR,1093,,300
290,DIVISIÓN ANTIDROGAS CIPOLLETTI,797,,300
291,DIVISIÓN ANTIDROGAS GENERAL PICO,1115,,300
292,DIVISIÓN ANTIDROGAS PUERTO MADRYN,1117,,300
293,DIRECCIÓN GENERAL DE NARCOCRIMINALIDAD,325,,300
294,DIVISIÓN SEGURIDAD - DGDN,356,,300
295,SECCIÓN ALCAIDÍA - SDP,306,,300
296,SECCIÓN SEGURIDAD DROGAS PELIGROSAS,1446,,300
297,SECCIÓN SEGURIDAD Y ENLACE SEDRONAR,1447,,300
298,DEPARTAMENTO OPERACIONES CONTRA EL LAVADO DE ACTIVOS Y FINANCIAMIENTO DEL NARCOTRÁFICO,1088,,300
299,DEPARTAMENTO TÉCNICO DEL NARCOTRÁFICO,347,,300
300,DIVISIÓN ANÁLISIS DE LAS COMUNICACIONES DEL NARCOTRÁFICO,1095,,300
301,DIVISIÓN ANÁLISIS Y PROSPECTIVA DEL NARCOTRÁFICO,304,,300
302,DIVISIÓN CANES DETECTORES DE DROGAS - DTDN,786,,300
303,DIVISIÓN CAPACITACIÓN EN LA LUCHA CONTRA EL NARCOTRÁFICO,346,,300
304,DIVISIÓN CENTRAL NACIONAL DE DATOS,327,,300
305,DEPARTAMENTO TRÁFICO ILÍCITO DE DROGAS,1089,,300
306,DIVISIÓN OPERACIONES ÁREA METROPOLITANA NORTE,1406,,300
307,DIVISIÓN OPERACIONES ÁREA METROPOLITANA OESTE,1408,,300
308,DIVISIÓN OPERACIONES ÁREA METROPOLITANA SUR,1407,,300
309,DIVISIÓN OPERACIONES FEDERALES,687,,300
310,SECCIÓN CONTRABANDO DE ESTUPEFACIENTES,1120,,300
311,SECCIÓN BRIGADAS - DOF,328,,300
312,SECCIÓN JUDICIAL,330,,300
313,DIVISIÓN PRECURSORES QUÍMICOS Y DROGAS EMERGENTES,355,,300
314,DIRECCIÓN GENERAL OPERACIONES ANTIDROGAS HIDROVÍA DEL PARANÁ,1094,,300
315,DEPARTAMENTO OPERACIONES ANTIDROGAS LITORAL - ROSARIO,1652,,300
316,DIRECCIÓN GENERAL SISTEMAS CONTRA EL NARCOTRÁFICO,344,,300
317,SUPERINTENDENCIA DE INVESTIGACIONES FEDERALES,390,,390
318,DIVISIÓN GESTIÓN ADMINISTRATIVA - SIF,303,,390
319,DEPARTAMENTO ARTICULACIÓN OPERATIVA,1632,,390
320,DIVISIÓN EVALUACIÓN Y REGISTRO,1202,,390
321,DIVISIÓN TÉCNICAS ESPECIALES DE INVESTIGACIÓN,1201,,390
322,DEPARTAMENTO INVESTIGACIONES ESPECIALES,392,,390
323,DEPARTAMENTO UNIDAD INVESTIGATIVA CONTRA LA CORRUPCIÓN,1312,,390
324,DIRECCIÓN GENERAL DE CIBERCRIMEN,1494,,390
325,DEPARTAMENTO CIBERDELITOS,1192,,390
326,DIVISIÓN CIBERPATRULLAJE,1384,,390
327,DIVISIÓN DELITOS CIBERNÉTICOS CONTRA LA NIÑEZ Y ADOLESCENCIA,354,,390
328,DIVISIÓN DELITOS TECNOLÓGICOS,389,,390
329,DEPARTAMENTO TÉCNICO DEL CIBERCRIMEN,1630,,390
330,DIRECCIÓN GENERAL DE DELITOS COMPLEJOS,1320,,390
331,DEPARTAMENTO DELITOS AMBIENTALES,84,,390
332,DEPARTAMENTO INVESTIGACIONES ANTIMAFIA,1495,,390
333,DEPARTAMENTO DELITOS ECONÓMICOS,1330,,390
334,DIVISIÓN ANTIFRAUDE,1332,,390
335,DIVISIÓN FALSIFICACIÓN DE MONEDA,1334,,390
336,DIVISIÓN LAVADO DE ACTIVOS,388,,390
337,DEPARTAMENTO DELITOS FISCALES,81,,390
338,SECCIÓN ADUANA,1631,,390
339,DIRECCIÓN GENERAL DELITOS CONTRA LA LIBERTAD PERSONAL,381,,390
340,DIVISIÓN BÚSQUEDA DE PRÓFUGOS,1199,,390
341,DEPARTAMENTO ANTISECUESTROS NORTE,1620,,390
342,DEPARTAMENTO ANTISECUESTROS SUR,1621,,390
343,DEPARTAMENTO TRATA DE PERSONAS,1321,,390
344,DIRECCIÓN GENERAL DE ORGANIZACIONES CRIMINALES,331,,390
345,DEPARTAMENTO INVESTIGACIONES NACIONALES,1629,,390
346,DIVISIÓN DELITOS CONTRA EL AUTOMOTOR,315,,390
347,SECCIÓN CENTRO DE VERIFICACIÓN POLICIAL FEDERAL,1659,,390
348,DIVISIÓN DELITOS CONTRA LA SALUD PÚBLICA,1329,,390
349,DIVISIÓN HOMICIDIOS,1324,,390
350,DIVISIÓN INVESTIGACIÓN DEL ROBO ORGANIZADO,1326,,390
351,DEPARTAMENTO SEGURIDAD Y DETENIDOS,1627,,390
352,DIVISIÓN ALCAIDÍAS,1628,,390
353,DIVISIÓN COMISARÍA DE ASUNTOS MIGRATORIOS,171,,390
354,DIVISIÓN CUSTODIA DE EFECTOS,42,,390
355,SECCIÓN PLAYA ALMIRANTE BROWN,45,,390
356,DIVISIÓN SEGURIDAD - SIF,1493,,390
357,DEPARTAMENTO SERVICIOS GENERALES - SIF,336,,390
358,DIVISIÓN CENTRAL RADIOELÉCTRICA - SIF,312,,390
359,DIVISIÓN DENUNCIAS DE DELITOS FEDERALES,1626,,390
360,DIVISIÓN COMISARÍA DE INTERVENCIONES JUDICIALES,1382,,390
361,DIRECCIÓN GENERAL DE POLICÍA CIENTÍFICA,550,,390
362,SECCIÓN UNIDAD CRIMINALÍSTICA DE ALTA COMPLEJIDAD - U.C.A.C.,590,,390
363,DEPARTAMENTO ÁREA OPERATIVA CIENTÍFICA,1660,,390
364,DIVISIÓN COORDINACIÓN CIENTÍFICO PERICIAL - SFDPCA,1393,,390
365,DIVISIÓN ENSAYOS Y ESTÁNDARES PERICIALES,1394,,390
366,DEPARTAMENTO IDENTIFICACIONES PERSONALES,580,,390
367,SECCIÓN ACÚSTICA FORENSE,577,,390
368,DIVISIÓN DACTILOSCOPÍA,581,,390
369,DIVISIÓN CENTRO DE INFORMACIÓN FEDERAL DE ANTECEDENTES,583,,390
370,DIVISIÓN IDENTIFICACIONES ESPECIALES,1661,,390
371,DIVISIÓN INDIVIDUALIZACIÓN CRIMINAL,321,,390
372,SECCIÓN UNIDAD DE PERFIL CRIMINAL,1662,,390
373,DIVISIÓN SISTEMAS BIOMÉTRICOS,576,,390
374,DEPARTAMENTO INVESTIGACIÓN CIENTÍFICA FEDERAL,1496,,390
375,GABINETE CIENTÍFICO BAHÍA BLANCA,573,,390
376,GABINETE CIENTÍFICO CHAJARÍ,1395,,390
377,GABINETE CIENTÍFICO COMODORO RIVADAVIA,895,,390
378,GABINETE CIENTÍFICO CONCEPCIÓN DEL URUGUAY,897,,390
379,GABINETE CIENTÍFICO CÓRDOBA,571,,390
380,GABINETE CIENTÍFICO POSADAS,898,,390
381,GABINETE CIENTÍFICO SALTA,896,,390
382,GABINETE CIENTÍFICO JUJUY,556,,390
383,GABINETE CIENTÍFICO MAR DEL PLATA,1498,,390
384,GABINETE CIENTÍFICO MENDOZA,893,,390
385,GABINETE CIENTÍFICO NEUQUÉN,894,,390
386,GABINETE CIENTÍFICO RESISTENCIA,892,,390
387,GABINETE CIENTÍFICO RÍO GALLEGOS,598,,390
388,GABINETE CIENTÍFICO ROSARIO,572,,390
389,GABINETE CIENTÍFICO SAN JUAN,1497,,390
390,GABINETE CIENTÍFICO SAN CARLOS DE BARILOCHE,1600,,390
391,GABINETE CIENTÍFICO SAN LUIS,1397,,390
392,GABINETE CIENTÍFICO SANTA ROSA,1396,,390
393,GABINETE CIENTÍFICO TUCUMÁN,1499,,390
394,GABINETE CIENTÍFICO USHUAIA,1459,,390
395,DEPARTAMENTO TÉCNICO CIENTÍFICO,565,,390
396,DIVISIÓN BALÍSTICA,559,,390
397,DIVISIÓN FOTOGRAFÍA POLICIAL,569,,390
398,DIVISIÓN LABORATORIO QUÍMICO,566,,390
399,DIVISIÓN MEDICINA LEGAL,568,,390
400,DIVISIÓN RASTROS,561,,390
401,DIVISIÓN SCOPOMETRÍA,557,,390
402,DIVISIÓN UNIDAD DE BÚSQUEDA DE EVIDENCIA,585,,390
403,SECCIÓN UNIDAD ACCIDENTOLOGÍA FEDERAL,560,,390
404,DIRECCIÓN GENERAL DE SEGURIDAD DE ESTADO,929,,390
405,DIVISIÓN DELITOS CONSTITUCIONALES,1624,,390
406,DEPARTAMENTO ARMAS Y EXPLOSIVOS,73,,390
407,DIVISIÓN AGENCIAS Y SERVICIOS DE VIGILANCIA PRIVADA,1625,,390
408,DEPARTAMENTO INVESTIGACIONES COMPLEJAS NEA,1622,,390
409,SECCIÓN OPERACIONES NEA,1623,,390
410,DIVISIÓN TRIPLE FRONTERA,72,,390
411,OFICINA AEROPUERTO INTERNACIONAL CATARATAS DEL IGUAZÚ,142,,390
412,DEPARTAMENTO UNIDAD DE INVESTIGACIÓN ANTITERRORISTA (DUIA),59,,390
413,SUPERINTENDENCIA DE SEGURIDAD Y CUSTODIA,804,,804
414,CENTRO ESTRATÉGICO DE CONTROL OPERACIONAL Y CUSTODIA DE EX-MANDATARIOS,1594,,804
415,DIVISIÓN GESTIÓN ADMINISTRATIVA - SPSC,1083,,804
416,DEPARTAMENTO SEGURIDAD PRESIDENCIAL,1066,,804
417,DEPARTAMENTO SEGURIDAD VICEPRESIDENCIAL,1190,,804
418,SECCIÓN SEGURIDAD Y CUSTODIA PRESIDENTE PROVISIONAL DEL HONORABLE SENADO DE LA NACIÓN,1667,,804
419,DIVISIÓN CUSTODIA Y SEGURIDAD VICEPRESIDENCIAL,30,,804
420,DIRECCIÓN GENERAL DE CUSTODIAS FEDERALES,1084,,804
421,DEPARTAMENTO ÁREA CAPITAL HUMANO,1671,,804
422,DIVISIÓN SEGURIDAD Y CUSTODIA MINISTERIO CAPITAL HUMANO,1673,,804
423,DIVISIÓN SEGURIDAD Y CUSTODIA SECRETARÍA DE DESARROLLO SOCIAL,1672,,804
424,DIVISIÓN SEGURIDAD Y CUSTODIA SECRETARÍA DE EDUCACIÓN,1356,,804
425,"DIVISIÓN SEGURIDAD Y CUSTODIA SECRETARÍA DE TRABAJO, EMPLEO Y SEGURIDAD SOCIAL - ANSES - UFISES",1398,,804
426,DEPARTAMENTO ÁREA DE GOBIERNO,815,,804
427,DIVISIÓN COMISARÍA CASA DE GOBIERNO,272,,804
428,DIVISIÓN SEGURIDAD Y CUSTODIA JEFATURA DE GABINETE DE MINISTROS,31,,804
429,DIVISIÓN SEGURIDAD Y CUSTODIA MINISTERIO DEL INTERIOR,32,,804
430,SECCIÓN SEGURIDAD Y CUSTODIA REGISTRO NACIONAL DE LAS PERSONAS,100,,804
431,DIVISIÓN SEGURIDAD Y CUSTODIA MINISTERIO DE INFRAESTRUCTURA,1670,,804
432,DIVISIÓN SEGURIDAD Y CUSTODIA MINISTERIO DE JUSTICIA,117,,804
433,DIVISIÓN SEGURIDAD Y CUSTODIA MINISTERIO DE SALUD,275,,804
434,DIVISIÓN SEGURIDAD Y CUSTODIA PROCURACIÓN DEL TESORO DE LA NACIÓN,83,,804
435,DEPARTAMENTO ÁREA MINISTERIO DE SEGURIDAD,1437,,804
436,SECCIÓN PRO.DE.CO,1268,,804
437,SECCIÓN SEGURIDAD Y CUSTODIA AGENCIA NACIONAL DE MATERIALES CONTROLADOS (ANMAC),1468,,804
438,"DIVISIÓN SEGURIDAD Y CUSTODIA CAJA DE RETIROS, JUBILACIONES Y PENSIONES DE LA POLICÍA FEDERAL",1596,,804
439,DIVISIÓN SEGURIDAD Y CUSTODIA MINISTERIO DE SEGURIDAD,887,,804
440,DIVISIÓN SEGURIDAD Y CUSTODIA SECRETARÍA DE LUCHA CONTRA EL NARCOTRÁFICO Y LA CRIMINALIDAD ORGANIZADA,1669,,804
441,DIVISIÓN SEGURIDAD Y CUSTODIA SECRETARÍA DE SEGURIDAD Y POLÍTICA CRIMINAL,1070,,804
442,DEPARTAMENTO ÁREA ORGANISMOS ECONÓMICOS,1077,,804
443,DIVISIÓN SEGURIDAD Y CUSTODIA ADMINISTRACIÓN FEDERAL DE INGRESOS PÚBLICOS (AFIP),1080,,804
444,DIVISIÓN SEGURIDAD Y CUSTODIA CASA DE MONEDA,1465,,804
445,DIVISIÓN SEGURIDAD Y CUSTODIA BANCO CENTRAL DE LA REPÚBLICA ARGENTINA,1606,,804
446,DIVISIÓN SEGURIDAD Y CUSTODIA MINISTERIO DE ECONOMÍA,289,,804
447,DIVISIÓN SEGURIDAD Y CUSTODIA SECRETARÍA DE OBRAS PÚBLICAS,1668,,804
448,DIVISIÓN SEGURIDAD Y CUSTODIA SECRETARÍA DE TRANSPORTE,1640,,804
449,DEPARTAMENTO ÁREA PODER JUDICIAL,779,,804
450,DIVISIÓN SEGURIDAD Y CUSTODIA PODER JUDICIAL DE LA NACIÓN,49,,804
451,SECCIÓN DILIGENCIAS JUDICIALES,1463,,804
452,DIVISIÓN SEGURIDAD Y CUSTODIA EDIFICIO COMODORO PY,784,,804
453,DIVISIÓN SEGURIDAD Y CUSTODIA EDIFICIO INMIGRANTES,24,,804
454,DIVISIÓN SEGURIDAD Y CUSTODIA CONSEJO DE LA MAGISTRATURA DE LA NACIÓN,189,,804
455,DIVISIÓN SEGURIDAD Y CUSTODIA CORTE SUPREMA DE JUSTICIA DE LA NACIÓN,23,,804
456,DIVISIÓN SEGURIDAD Y CUSTODIA DIRECCIÓN DE ASISTENCIA JUDICIAL EN DELITOS COMPLEJOS Y CRIMEN ORGANIZADO,1022,,804
457,DIVISIÓN SEGURIDAD Y CUSTODIA MINISTERIO PÚBLICO FISCAL Y DE LA DEFENSA DE LA NACIÓN,25,,804
458,DEPARTAMENTO ÁREA PODER LEGISLATIVO,1745,,804
459,SECCIÓN SEGURIDAD Y CUSTODIA AUDITORÍA GENERAL DE LA NACIÓN,1466,,804
460,DIVISIÓN SEGURIDAD Y CUSTODIA HONORABLE CÁMARA DE DIPUTADOS DE LA NACIÓN,274,,804
461,DIVISIÓN SEGURIDAD Y CUSTODIA HONORABLE SENADO DE LA NACIÓN,277,,804
462,DIRECCIÓN GENERAL DE SEGURIDAD DIPLOMÁTICA,1076,,804
463,DEPARTAMENTO ASUNTOS EXTRANJEROS,933,,804
464,DIVISIÓN OPERACIONES - DAE,104,,804
465,DIVISIÓN SEGURIDAD DE OBJETIVOS DIPLOMÁTICOS,1138,,804
466,"DIVISIÓN SEGURIDAD Y CUSTODIA MINISTERIO DE RELACIONES EXTERIORES, COMERCIO INTERNACIONAL Y CULTO",269,,804
467,DEPARTAMENTO PROTECCIÓN DE PERSONAS Y OBJETIVOS ESTRATÉGICOS,787,,804
468,DIVISIÓN CUSTODIA DE FUNCIONARIOS,807,,804
469,DIVISIÓN CUSTODIA DE TESTIGOS PROTEGIDOS Y OBJETIVOS ESPECIALES,809,,804
470,DIVISIÓN CUSTODIAS ESTRATÉGICAS,1139,,804
471,DIVISIÓN CUSTODIA Y SEGURIDAD PRESIDENCIAL,273,,804
472,DIVISIÓN EXPLOSIVOS PRESIDENCIAL,1068,,804
473,DIVISIÓN PROTECCIÓN RESIDENCIA PRESIDENCIAL CHAPADMALAL,1311,,804
474,DIVISIÓN PROTECCIÓN RESIDENCIA PRESIDENCIAL DE OLIVOS,1310,,804
475,SUPERINTENDENCIA FEDERAL DE BOMBEROS,700,,700
476,DIVISIÓN GESTIÓN ADMINISTRATIVA - SFDB,703,,700
477,DIRECCIÓN GENERAL DE PROTECCIÓN AEROPORTUARIA,61,,700
478,DEPARTAMENTO AEROPUERTOS ÁREA INTERIOR SUR,781,,700
479,"DIVISIÓN CUARTEL AEROPUERTO INTERNACIONAL ""EL CALAFATE""",773,,700
480,"DIVISIÓN CUARTEL AEROPUERTO INTERNACIONAL PUERTO MADRYN “EL TEHUELCHE""",1403,,700
481,"DIVISIÓN CUARTEL AEROPUERTO INTERNACIONAL ""RÍO GALLEGOS""",739,,700
482,"DIVISIÓN CUARTEL AEROPUERTO INTERNACIONAL ""SAN CARLOS DE BARILOCHE""",764,,700
483,"DIVISIÓN CUARTEL AEROPUERTO INTERNACIONAL ""USHUAIA""",756,,700
484,DIVISIÓN CUARTEL BASE AERONAVAL “ALMIRANTE MARCOS A. ZAR”,738,,700
485,DEPARTAMENTO AEROPUERTOS ÁREA CENTRO,731,,700
486,"DIVISIÓN CUARTEL AERÓDROMO ""EL PALOMAR""",736,,700
487,"DIVISIÓN CUARTEL AERÓDROMO MILITAR ""CAMPO DE MAYO""",734,,700
488,DIVISIÓN CUARTEL AEROPARQUE METROPOLITANO “JORGE NEWBERY”,733,,700
489,DIVISIÓN CUARTEL AEROPUERTO INTERNACIONAL EZEIZA “MINISTRO PISTARINI”,732,,700
490,SECCIÓN DESTACAMENTO PISTA,1646,,700
491,"DIVISIÓN CUARTEL AEROPUERTO INTERNACIONAL ""SAN FERNANDO""",782,,700
492,"DIVISIÓN CUARTEL ""ISLA DEMARCHI""",735,,700
493,"DIVISIÓN CUARTEL AEROPUERTO INTERNACIONAL ""CATARATAS DEL IGUAZÚ""",770,,700
494,"DIVISIÓN CUARTEL AEROPUERTO INTERNACIONAL ""SAN MIGUEL DE TUCUMÁN""",771,,700
495,"DIVISIÓN CUARTEL AEROPUERTO INTERNACIONAL ""SANTIAGO DEL ESTERO""",1306,,700
496,DIVISIÓN CUARTEL BASE AERONAVAL “COMANDANTE ESPORA”,737,,700
497,DIVISIÓN CUARTEL AEROPUERTO INTERNACIONAL CATAMARCA “CORONEL FELIPE VARELA”,1402,,700
498,"DIVISIÓN CUARTEL AEROPUERTO INTERNACIONAL MAR DEL PLATA ""ASTOR PIAZZOLLA""",1426,,700
499,DIRECCIÓN GENERAL DE PROTECCIÓN FEDERAL,1297,,700
500,DIVISIÓN ESCUELA DE ESPECIALIDADES - DGDPF,768,,700
501,DEPARTAMENTO COORDINACIÓN Y ENLACE CON EL SINAGIR,1478,,700
502,DIVISIÓN APOYO LOGÍSTICO,1399,,700
503,DIVISIÓN BRIGADA ESPECIAL FEDERAL DE RESCATE “CORONEL JOSÉ MARÍA CALAZA”,712,,700
504,DIVISIÓN BRIGADA FORESTAL,758,,700
505,DIVISIÓN CENTRAL OPERATIVA DE INFORMACIÓN Y ALARMAS,1303,,700
506,DEPARTAMENTO TÉCNICO INVESTIGATIVO,1476,,700
507,DIVISIÓN ANALISÍS DE INFORMACIÓN SINIESTRAL,1477,,700
508,DIVISIÓN INVESTIGACIÓN DE SINIESTROS,1298,,700
509,DIVISIÓN LABORATORIO DE ENSAYOS FISICOQUÍMICOS,1305,,700
510,DEPARTAMENTO ASISTENCIA TÉCNICA Y SERVICIOS,757,,700
511,DIVISIÓN CENTRO DE SEGURIDAD E HIGIENE LABORAL,1400,,700
512,DIVISIÓN PREVENCIÓN CASA DE GOBIERNO,1319,,700
513,SECCIÓN RESIDENCIA PRESIDENCIAL DE OLIVOS,783,,700
514,DIVISIÓN PREVENCIÓN FEDERAL DE RIESGOS,1423,,700
515,DIVISIÓN OBJETIVOS ESPECIALES,746,,700
516,DIRECCIÓN GENERAL EXPLOSIVOS Y RIESGOS ESPECIALES,1473,,700
517,DIVISIÓN CANES DE BOMBEROS,1424,,700
518,DEPARTAMENTO BRIGADAS DE EXPLOSIVOS,1411,,700
519,UNIDAD EXPLOSIVOS BAHÍA BLANCA,1653,,700
520,UNIDAD EXPLOSIVOS BARILOCHE,1654,,700
521,UNIDAD EXPLOSIVOS CUYO,1657,,700
522,UNIDAD EXPLOSIVOS MAR DEL PLATA,1655,,700
523,UNIDAD EXPLOSIVOS ROSARIO,1656,,700
524,DIVISIÓN OPERACIONES Y CONTRAMEDIDAS,741,,700
525,DIVISIÓN INVESTIGACIONES,1474,,700
526,DIVISIÓN BÚSQUEDA Y DETECCIÓN,1475,,700
527,DEPARTAMENTO BRIGADAS DE RIESGOS ESPECIALES,745,,700
528,DIVISIÓN PROTECCIÓN QBN/R,1293,,700
529,DIVISIÓN RIESGO QUÍMICO Y BIOLÓGICO,1412,,700
530,DIVISIÓN RIESGO RADIOLÓGICO Y NUCLEAR,1413,,700
531,SECCIÓN CENTRO ATÓMICO BARILOCHE - PILCANIYEU,749,,700
532,SUPERINTENDENCIA FEDERAL DE INTERVENCIÓN TERRITORIAL,1203,,1203
533,COORDINACIÓN CINOTÉCNICA GENERAL,1410,,1203
534,DIVISIÓN GESTIÓN ADMINISTRATIVA - SFIT,1209,,1203
535,DIRECCIÓN GENERAL DE DESPLIEGUE OPERACIONAL FEDERAL,1360,,1203
536,DEPARTAMENTO CONTROL ESTRATÉGICO,1448,,1203
537,SECCIÓN GRUPO DESPLIEGUE MOTORIZADO (GDM),1638,,1203
538,DIVISIÓN UNIDAD DE DESPLIEGUE ESTRATÉGICO,1449,,1203
539,DIVISIÓN UNIDAD DE DESPLIEGUE MÓVIL,1450,,1203
540,DEPARTAMENTO CONTROL OPERACIONAL,1361,,1203
541,DIVISIÓN UNIDAD DE INTERVENCIÓN TERRITORIAL I,1044,,1203
542,DIVISIÓN UNIDAD DE INTERVENCIÓN TERRITORIAL II,1045,,1203
543,DIVISIÓN UNIDAD DE INTERVENCIÓN TERRITORIAL III,1362,,1203
544,DIVISIÓN UNIDAD DE INTERVENCIÓN TERRITORIAL IV,1363,,1203
545,DIVISIÓN UNIDAD DE INTERVENCIÓN TERRITORIAL V,1309,,1203
546,DEPARTAMENTO CUERPO POLICÍA DE PREVENCIÓN BARRIAL,1451,,1203
547,DIVISIÓN OPERACIONES - CPPB,1452,,1203
548,SECCIÓN BARRIAL I,1454,,1203
549,SECCIÓN BARRIAL II,1455,,1203
550,DIVISIÓN DOCTRINA Y REENTRENAMIENTO,1453,,1203
551,DIRECCIÓN GENERAL FUERZAS DE OPERACIONES ESPECIALES (FOE),1210,,1203
552,SECCIÓN LOGÍSTICA - FOE,818,,1203
553,DIVISIÓN COORDINACIÓN Y ENLACE C.A.E.C.O.PAZ.,1605,,1203
554,DEPARTAMENTO CENTRO DE ESPECIALIDADES Y COORDINACIÓN OPERATIVA,1404,,1203
555,DEPARTAMENTO GRUPOS ESPECIALES (GE-1),173,,1203
556,DEPARTAMENTO GRUPOS ESPECIALES DE OPERACIONES FEDERALES - (GEOF),181,,1203
557,DIVISIÓN OPERACIONES - GEOF,066,,1203
558,DIVISIÓN NEGOCIACIÓN E INTELIGENCIA TÁCTICA - GEOF,378,,1203
559,DEPARTAMENTO UNIDADES TÁCTICAS DE INTERVENCIÓN FEDERAL,1484,,1203
560,DIVISIÓN UNIDAD TÁCTICA DE INTERVENCIÓN FEDERAL CUYO,1485,,1203
561,DIVISIÓN UNIDAD TÁCTICA DE INTERVENCIÓN FEDERAL NOA - TUCUMÁN,1486,,1203
562,DIVISIÓN UNIDAD TÁCTICA DE INTERVENCIÓN FEDERAL MAR DEL PLATA - BUENOS AIRES SUR,1487,,1203
563,DIVISIÓN UNIDAD TÁCTICA DE INTERVENCIÓN FEDERAL CÓRDOBA,1488,,1203
564,DIVISIÓN UNIDAD TÁCTICA DE INTERVENCIÓN FEDERAL SANTA FE,1489,,1203
565,DIVISIÓN UNIDAD TÁCTICA DE INTERVENCIÓN FEDERAL PATAGONIA - NEUQUÉN,1490,,1203
566,DIVISIÓN UNIDAD TÁCTICA DE INTERVENCIÓN FEDERAL PATAGONIA - COMODORO RIVADAVIA,1491,,1203
567,DIVISIÓN UNIDAD TÁCTICA DE INTERVENCIÓN FEDERAL NEA - CORRIENTES,1492,,1203
568,DIRECCIÓN GENERAL DE OPERACIONES,1276,,1203
569,DEPARTAMENTO PLANIFICACIÓN DE SERVICIOS URBANOS Y FEDERALES,1206,,1203
570,DIVISIÓN SERVICIOS FEDERALES,1457,,1203
571,DIVISIÓN SERVICIOS METROPOLITANOS Y AMBA,1456,,1203
572,DEPARTAMENTO APOYO OPERATIVO,1204,,1203
573,DIVISIÓN SALA DE SITUACIÓN,283,,1203
574,DIVISIÓN SISTEMAS INTEGRADOS,332,,1203
575,DIRECCIÓN GENERAL DE ORDEN URBANO Y FEDERAL,160,,1203
576,DEPARTAMENTO CUERPO GUARDIA DE INFANTERÍA,162,,1203
577,SECCIÓN LOGÍSTICA - DCGI,159,,1203
578,DIVISIÓN OPERACIONES - DCGI,164,,1203
579,SECCIÓN BATALLÓN I,178,,1203
580,SECCIÓN BATALLÓN II,179,,1203
581,SECCIÓN BATALLÓN III,180,,1203
582,SECCIÓN BATALLÓN SEGURIDAD,1072,,1203
583,DEPARTAMENTO CUERPO POLICÍA MONTADA,170,,1203
584,DIVISIÓN DOUCAD,1145,,1203
585,DIVISIÓN LOGÍSTICA Y ADMINISTRACIÓN - DCPMontada,182,,1203
586,DIVISIÓN OPERACIONES - DCPMontada,165,,1203
587,SECCIÓN 1ª AGRUPACIÓN,184,,1203
588,SECCIÓN 2ª AGRUPACIÓN,185,,1203
589,SECCIÓN 3ª AGRUPACIÓN,186,,1203
590,SECCIÓN 4ª AGRUPACIÓN,187,,1203
591,SECCIÓN PERROS - DCPMONTADA,1416,,1203
592,DEPARTAMENTO CUERPO POLICÍA MOTORIZADA,1207,,1203
593,SECCIÓN LOGÍSTICA - DCPMotorizada,166,,1203
594,DIVISIÓN GRUPO DE OPERACIONES MOTORIZADAS FEDERALES - (GOMF),158,,1203
595,DIVISIÓN SERVICIOS MOTORIZADOS,157,,1203
596,DIRECCIÓN GENERAL DE AVIACIÓN FEDERAL,276,,1203
597,COORDINACIÓN TÉCNICO ADMINISTRATIVA,1634,,1203
598,DIVISIÓN GESTIÓN ADMINISTRATIVA - DGAF,377,,1203
599,DIVISIÓN ESCUELA FEDERAL DE AVIACIÓN POLICIAL,47,,1203
600,DEPARTAMENTO AVIONES,368,,1203
601,DIVISIÓN MANTENIMIENTO AERONAÚTICO DE AVIONES,268,,1203
602,DIVISIÓN OPERACIONES AÉREAS DE AVIONES,271,,1203
603,DEPARTAMENTO HELICÓPTEROS,366,,1203
604,DIVISIÓN MANTENIMIENTO AERONÁUTICO DE HELICÓPTEROS,36,,1203
605,DIVISIÓN OPERACIONES AÉREAS DE HELICÓPTEROS,54,,1203
606,DIRECCIÓN GENERAL DE SEGURIDAD EN MEDIOS DE TRANSPORTE,1444,,1203
607,DIVISIÓN GESTIÓN ADMINISTRATIVA - SFDT,280,,1203
608,DEPARTAMENTO CONTROL DE LÍNEAS I,360,,1203
609,DIVISIÓN COMISARÍA FF.CC. BELGRANO NORTE,369,,1203
610,DIVISIÓN COMISARÍA FF.CC. MITRE,363,,1203
611,DIVISIÓN COMISARÍA FF.CC. SAN MARTÍN,371,,1203
612,DIVISIÓN COMISARÍA TERMINAL DE ÓMNIBUS DE LA CABA,1269,,1203
613,DEPARTAMENTO CONTROL DE LÍNEAS II,1460,,1203
614,DIVISIÓN COMISARÍA FF.CC. BELGRANO SUR,370,,1203
615,DIVISIÓN COMISARÍA FF.CC. URQUIZA,367,,1203
616,DIVISIÓN COMISARÍA FF.CC. ROCA,361,,1203
617,DIVISIÓN COMISARÍA FF.CC. SARMIENTO,365,,1203
618,DEPARTAMENTO SERVICIOS ESPECIALES,131,,1203
619,DIVISIÓN COMANDO DÍGITO RADIAL,85,,1203
620,SECCIÓN ACCIDENTOLOGÍA FORENSE EN EL TRANSPORTE,379,,1203
621,DIVISIÓN BRIGADAS DE PREVENCIÓN,376,,1203
622,DIVISIÓN INTERIOR Y CARGAS,1461,,1203
623,SECCIÓN ESTACIÓN FERROAUTOMOTOR MAR DEL PLATA,1590,,1203
624,SECCIÓN ESTACIÓN INGENIERO WHITE,1611,,1203
625,DIVISIÓN UNIDAD DE PREVENCIÓN EN MEDIOS DE TRANSPORTE,373,,1203
626,SECCIÓN ALCAIDÍA - SFDT,1612,,1203
627,SECCIÓN CANES DE SEGURIDAD EN MEDIOS DE TRANSPORTE,1445,,1203
628,SUPERINTENDENCIA FEDERAL DE TECNOLOGÍAS DE LA INFORMACIÓN Y COMUNICACIONES,800,,800
629,COMITÉ DE SEGURIDAD DE LA INFORMACIÓN,828,,800
630,DIVISIÓN GESTIÓN ADMINISTRATIVA - SFTIYC,803,,800
631,DIRECCIÓN GENERAL DE APLICACIONES TECNOLÓGICAS,825,,800
632,DEPARTAMENTO CIBERSEGURIDAD,1401,,800
633,DIVISIÓN CENTRO FEDERAL DE DATOS,1591,,800
634,DIVISIÓN SEGURIDAD INFORMÁTICA,1601,,800
635,DIVISIÓN SEGURIDAD EN REDES DE DATOS,831,,800
636,DEPARTAMENTO SERVICIOS NACIONALES,1440,,800
637,DIVISIÓN CENTRO DE ENTRENAMIENTO TECNOLÓGICO,808,,800
638,DIVISIÓN SISTEMA DE INFORMACIÓN 911 FEDERAL,841,,800
639,DEPARTAMENTO SERVICIOS TÉCNICOS,820,,800
640,DIVISIÓN COMUNICACIONES NACIONALES,827,,800
641,DIVISIÓN COMUNICACIONES TRONCALIZADAS,843,,800
642,DIVISIÓN EQUIPAMIENTO DE SISTEMAS MULTITECNOLÓGICOS,822,,800
643,DIRECCIÓN GENERAL DE OPERACIONES TÉCNICAS,801,,800
644,DEPARTAMENTO TÉCNICO OPERATIVO,811,,800
645,DIVISIÓN OPERACIONES TÉCNICAS ESPECIALES,812,,800
646,DIVISIÓN RECEPCIÓN Y ANÁLISIS DE LAS COMUNICACIONES,1471,,800
647,DIVISIÓN SERVICIOS AUDIOVISUALES,834,,800
648,DEPARTAMENTO TECNOLÓGICO DE VIDEO OPERATIVO,1421,,800
649,DIVISIÓN APLICACIONES TÉCNICAS DE VIDEO,1422,,800
650,DIVISIÓN CENTRAL OPERATIVA DE VIDEO,817,,800
651,DIVISIÓN VIDEO Y COMUNICACIONES AERONÁUTICAS,819,,800
652,DEPARTAMENTO TECNOLOGÍA FORENSE,862,,800
653,SECCIÓN DEPÓSITO JUDICIAL,1443,,800
654,DIVISIÓN PERICIAS INFORMÁTICAS Y ELECTRÓNICAS,1442,,800
655,DIVISIÓN PERICIAS TELEFÓNICAS,1441,,800
656,DIVISIÓN REQUERIMIENTOS JUDICIALES DE IMÁGENES Y ANÁLISIS INVESTIGATIVO,1604,,800
657,DIRECCIÓN GENERAL DE TECNOLOGÍAS DE LA INFORMACIÓN,824,,800
658,DEPARTAMENTO SISTEMAS INFORMÁTICOS,830,,800
659,DIVISIÓN COMPUTACIÓN,591,,800
660,DIVISIÓN DESARROLLO DE APLICATIVOS INSTITUCIONALES,1603,,800
661,DEPARTAMENTO TELECOMUNICACIONES,826,,800
662,DIVISIÓN REDES EXTERIORES,816,,800
663,DIVISIÓN TELEFONÍA OFICIAL,833,,800
664,DIRECCIÓN GENERAL DE ADMINISTRACIÓN DEL PERSONAL,402,,402
665,CENTRO INTEGRAL DE GÉNERO (CIG),403,,402
666,DIVISIÓN GESTIÓN ADMINISTRATIVA - SDPR,1665,,402
667,DEPARTAMENTO MOVIMIENTO DE PERSONAL,453,,402
668,DIVISIÓN AUXILIARES DE SEGURIDAD Y DEFENSA,459,,402
669,DIVISIÓN PERSONAL SUPERIOR,457,,402
670,DIVISIÓN SUBOFICIALES Y AGENTES,458,,402
671,DEPARTAMENTO GESTIÓN DE RECURSOS HUMANOS,443,,402
672,DIVISIÓN INCORPORACIONES,461,,402
673,DIVISIÓN JUNTA PERMANENTE DE RECONOCIMIENTOS MÉDICOS,632,,402
674,DIVISIÓN RETIROS Y JUBILACIONES,462,,402
675,RECTORADO,430,,430
676,VICERRECTORADO,433,,430
677,DIVISIÓN SECRETARÍA ACADÉMICA,440,,430
678,CENTRO DE EDUCACIÓN UNIVERSITARIA A DISTANCIA,409,,430
679,DIVISIÓN SECRETARÍA GENERAL Y ADMINISTRATIVA,454,,430
680,SECRETARÍA DE EXTENSIÓN UNIVERSITARIA Y ASUNTOS ESTUDIANTILES,438,,430
681,SECRETARÍA DE GRADUADOS,441,,430
682,SECRETARÍA DE INVESTIGACIÓN Y DESARROLLO,417,,430
683,SECRETARÍA DE RELACIONES INSTITUCIONALES Y COMUNICACIÓN,439,,430
684,UNIDAD ACADÉMICA DE FORMACIÓN DE GRADO,434,,430
685,UNIDAD ACADÉMICA DE FORMACIÓN DE POSGRADO,436,,430
686,DEPARTAMENTO ESCUELA DE TIRO Y ENTRENAMIENTO POLICIAL,444,,430
687,SECCIÓN ESCUELA DE CONDUCTORES,1041,,430
688,DIVISIÓN CENTRO DE ENTRENAMIENTO POLICIAL,1431,,430
689,DIVISIÓN ESCUELA DE TIRO,427,,430
690,DEPARTAMENTO ESCUELA SUPERIOR DE POLICÍA “COMISARIO GENERAL ENRIQUE FENTANES”,411,,430
691,DEPARTAMENTO ESCUELA DE CADETES “COMISARIO GENERAL JUAN ÁNGEL PIRKER”,415,,430
692,SECCIÓN SERVICIOS GENERALES - DEC,425,,430
693,DIVISIÓN CUERPO DE CADETES,416,,430
694,DIVISIÓN ESTUDIOS (CADETES),413,,430
695,"DEPARTAMENTO ESCUELA DE INTELIGENCIA CRIMINAL "" OF. 3º ICIA. CARLOS ANTONIO ESCAMEZ""",909,,430
696,DEPARTAMENTO ESCUELA FEDERAL DE SUBOFICIALES Y AGENTES “DON ENRIQUE O´GORMAN”,420,,430
697,SECCIÓN SERVICIOS GENERALES (SUBOFICIALES Y AGENTES),426,,430
698,DIVISIÓN CUERPO DE ASPIRANTES,429,,430
699,DIVISIÓN ESTUDIOS - EFSA,421,,430
700,DIRECCIÓN GENERAL DE INVESTIGACIONES INTERNAS,113,,113
701,COORDINACIÓN DE INSPECTORÍA GENERAL,1376,,113
702,COORDINACIÓN DE ENLACE CON LA UNIDAD DE AUDITORÍA INTERNA DEL MINISTERIO DE SEGURIDAD,15,,113
703,DEPARTAMENTO INVESTIGACIONES FEDERALES INTERIOR,1483,,113
704,DIVISIÓN CENTRO,1617,,113
705,DIVISIÓN NORTE,91,,113
706,DIVISIÓN SUR,1012,,113
707,DEPARTAMENTO PROCEDIMIENTOS ESPECIALES,1010,,113
708,DIVISIÓN JUZGAMIENTO DEL PERSONAL RETIRADO,134,,113
709,DIVISIÓN INVESTIGACIÓN DE CONDUCTAS VIOLENTAS,1015,,113
710,DEPARTAMENTO INVESTIGACIONES ADMINISTRATIVAS,465,,113
711,DIVISIÓN INVESTIGACIONES DISCIPLINARIAS COMPLEJAS,1011,,113
712,DIVISIÓN INVESTIGACIONES METROPOLITANAS,133,,113
713,DIRECCIÓN GENERAL DE RESPONSABILIDAD PROFESIONAL,1317,,1317
714,DEPARTAMENTO CONTROL DE GESTIÓN ADMINISTRATIVA OPERACIONAL,678,,1317
715,DEPARTAMENTO CONTROL DE INTEGRIDAD PROFESIONAL,920,,1317
716,DIVISIÓN SEGUIMIENTO DE LAS CONDUCTAS POLICIALES,135,,1317
717,DIVISIÓN EVALUACIÓN E INGRESOS,21,,1317
718,DEPARTAMENTO INVESTIGACIONES JUDICIALES,531,,1317
719,DIVISIÓN OPERACIONES JUDICIALES,99,,1317
720,DIRECCIÓN GENERAL DE ASUNTOS JURÍDICOS,50,,50
721,DIVISIÓN GESTIÓN ADMINISTRATIVA - DGDAJ,270,,50
722,DEPARTAMENTO ASUNTOS PENALES,58,,50
723,DIVISIÓN DEFENSAS Y QUERELLAS PENALES,1427,,50
724,DIVISIÓN PATROCINIO EN EL INTERIOR,1428,,50
725,DEPARTAMENTO PATROCINIO LEGAL,1073,,50
726,DIVISIÓN ASUNTOS ADMINISTRATIVOS,60,,50
727,DIVISIÓN ASUNTOS CONTENCIOSOS,55,,50
728,DIVISIÓN ASUNTOS DISCIPLINARIOS,65,,50
729,DIRECCIÓN GENERAL DE COOPERACIÓN POLICIAL INTERNACIONAL,1650,,1650
730,DIVISIÓN GESTIÓN ADMINISTRATIVA - DGCIC,266,,1650
731,DEPARTAMENTO TELECOMUNICACIONES INTERNACIONALES INTERPOL,849,,1650
732,DEPARTAMENTO INTERPOL,341,,1650
733,DIVISIÓN INVESTIGACIÓN FEDERAL DE FUGITIVOS Y EXTRADICIONES,406,,1650
734,DIVISIÓN ASUNTOS INTERNACIONALES,394,,1650
735,DIVISIÓN PREVENCIÓN DELICTIVA INTERNACIONAL,414,,1650
736,DEPARTAMENTO PROTECCIÓN DEL PATRIMONIO CULTURAL,125,,1650
737,DIRECCIÓN GENERAL DE INTELIGENCIA CRIMINAL,532,,532
738,UNIDAD DE APOYO TÉCNICO,1648,,532
739,DIVISIÓN GESTIÓN ADMINISTRATIVA - DGIC,537,,532
740,SECCIÓN SALA DE SITUACIÓN,548,,532
741,SECCIÓN ASESORÍA LEGAL Y SISTEMAS,1616,,532
742,DEPARTAMENTO INTELIGENCIA CONTRA EL CRIMEN ORGANIZADO,547,,532
743,DEPARTAMENTO INFORMACIÓN CRIMINAL,16,,532
744,DIVISIÓN ANÁLISIS DEL CRIMEN COMPLEJO,1615,,532
745,DIVISIÓN ESTADÍSTICA CRIMINAL,1614,,532
746,DEPARTAMENTO PERSONAL DE INTELIGENCIA CRIMINAL,544,,532
747,SECCIÓN ADMINISTRACIÓN - DPIC,161,,532
748,SECCIÓN OBRA SOCIAL - DPIC,915,,532
749,SECCIÓN PERSONAL - DPIC,152,,532
750,DIRECCIÓN GENERAL DE PLANEAMIENTO Y DESARROLLO ESTRATÉGICO,450,,450
751,DIVISIÓN GESTIÓN ADMINISTRATIVA - DGPYDE,529,,450
752,DEPARTAMENTO DESARROLLO ORGANIZACIONAL,539,,450
753,SECCIÓN INTERCAMBIO,1534,,450
754,DIVISIÓN DOCTRINA Y LEGISLACIÓN,1285,,450
755,DIVISIÓN ORGANIZACIÓN Y MÉTODOS,109,,450
756,DEPARTAMENTO PLANEAMIENTO ESTRATÉGICO,1386,,450
757,DIVISIÓN PLANEAMIENTO INSTITUCIONAL,1388,,450
758,DIVISIÓN SEGUIMIENTO DE GESTIÓN,1390,,450
759,DIRECCIÓN GENERAL DE SECRETARÍA GENERAL,1535,,1535
760,DIVISIÓN INFORMES,542,,1535
761,DIVISIÓN GESTIÓN ADMINISTRATIVA - DGDSG,1666,,1535
762,SECCIÓN INTENDENCIA,855,,1535
763,DEPARTAMENTO BANDAS DE MÚSICA,886,,1535
764,DEPARTAMENTO RELACIONES INSTITUCIONALES,1385,,1535
765,DIVISIÓN MESA GENERAL DE ENTRADAS Y SALIDAS,871,,1535
766,DIVISIÓN ORDEN DEL DÍA,873,,1535
767,DIVISIÓN PRENSA INSTITUCIONAL,876,,1535
768,DIVISIÓN SISTEMA FEDERAL DE COMUNICACIONES POLICIALES,1028,,1535
769,DEPARTAMENTO RELACIONES PÚBLICAS Y CEREMONIAL,878,,1535
